title,source,date,time,category,sub-category,content,url,author
Kejagung Buka Peluang Usut Potensi Pelanggaran Aktivitas Penambangan di Raja Ampat,news.republika.co.id,10 Jun 2025,21:55,Nasional News,,"REPUBLIKA.CO.ID, JAKARTA -- Kejaksaan Agung (Kejagung) membuka peluang untuk mengusut potensi adanya pelanggaran dari aktivitas penambangan di daerah di luar Raja Ampat, Papua Barat Daya. Kepala Pusat Penerangan Hukum (Kapuspenkum) Kejagung Harli Siregar di Gedung Kejaksaan Agung, Jakarta, Selasa (10/6/2025), mengatakan bahwa Kejaksaan akan mengusut jika ada laporan pengaduan terkait polemik ini.
“(Laporan) disampaikan ke aparat penegak hukum, mana saja, supaya ada bahan, ada dasar bagi aparat penegak hukum untuk melakukan penelitian, pengecekan sebenarnya apa yang terjadi di sana,” katanya.
Baca Juga
Ombudsman Jateng Masih Temukan Kasus Sekolah tak Terbitkan SKL dan Hambat Siswa Ikuti SPMB
Pembentukan Kopdes Merah Putih di Jateng 100 Persen
Kuota Haji Indonesia 2026 Terancam Dipangkas 50 Persen
Adapun hingga saat ini, kata dia, belum ada laporan pengaduan ke
Kejagung
terkait potensi pelanggaran di Raja Ampat.
Sebelumnya, Menteri Lingkungan Hidup (LH) Hanif Faisol Nurofiq menyebut kementeriannya bakal mengusut potensi pelanggaran dari aktivitas penambangan di daerah di luar Raja Ampat, Papua Barat Daya. Hanif mengatakan bahwa kementeriannya akan mulai bergerak sekitar pekan ini, tetapi dia belum dapat menyebutkan tanggal pastinya.
Adapun pemerintah pada hari ini mengumumkan mencabut empat izin usaha pertambangan (IUP) yang dikantongi empat perusahaan di Kabupaten Raja Ampat, Papua Barat Daya. Empat perusahaan itu mencakup PT Anugerah Surya Pratama, PT Nurham, PT Melia Raymond Perkasa, dan PT Kawai Sejahtera.
Menteri ESDM Bahlil Lahadalia menjelaskan empat IUP itu dicabut karena beberapa lahannya berada di kawasan lindung Geopark Raja Ampat.
“Secara teknis juga kami lihat, sebagian masuk kawasan Geopark,” kata Bahlil menjelaskan alasan pencabutan IUP saat jumpa pers.
Kawasan Geopark di
Raja Ampat
merupakan area konservasi yang dilindungi sebagaimana diatur dalam ketentuan perundang-undangan.
Kawasan Geopark di Raja Ampat mencakup empat pulau utama di Kabupaten Raja Ampat, yaitu Pulau Waigeo, di bagian utara (termasuk Kepulauan Wayag yang berada di kawasan paling utara), Pulau Batanta, Pulau Salawati di bagian tengah, dan Pulau Misool di bagian selatan. Kawasan Geopark juga mencakup perairan di antara pulau-pulau besar dan pulau-pulau kecil di sekitarnya.
Ikuti Whatsapp Channel Republika
sumber : Antara",https://news.republika.co.id/berita/sxnasi409/kejagung-buka-peluang-usut-potensi-pelanggaran-aktivitas-penambangan-di-raja-ampat,Andri Saubani
"Honda Luncurkan HR-V Hybrid, Harganya di Bawah Rp 500 Juta",ekonomi.republika.co.id,10 Jun 2025,22:39,Otomotif,,"REPUBLIKA.CO.ID, JAKARTA -- PT. Honda Prospect Motor secara resmi meluncurkan
New Honda HR-V
RS e:HEV, model hybrid pertama Honda di segmen SUV kompak, pada Selasa, 10 Juni 2025 di Jakarta. Dikenal sebagai salah satu SUV ikonik di Indonesia, New
Honda HR-V
kini memasuki babak baru dengan menghadirkan teknologi e:HEV yang efisien dan bertenaga, desain yang lebih modern dan
stylish
.
Lalu berapa harga HR-V hybrid ini?
New Honda HR-V hadir dalam lima varian. Pertama ada 1.5L RS e:HEV, varian tertinggi hybrid dengan fitur terlengkap dan tampilan paling
sporty,
dengan harga yang lebih rendah dari top grade sebelumnya, yaitu Rp 488 juta
on the road.
Lalu 1.5L e:HEV Modulo, varian hybrid dengan body kit premium Modulo, dengan harga Rp 460.700.000. Dan varian dengan harga terendah 1.5L e:HEV yaitu Rp 449 juta.
Yusak Billy, Sales & Marketing and After Sales Director PT Honda Prospect Motor
menyatakan, New Honda HR-V kini menjadi sebuah SUV hybrid berdesain ikonik yang efisien dan tetap menyenangkan untuk dikendarai. Berbeda dengan
system hybrid
lainnya, teknologi e:HEV menghadirkan sensasi khas Honda yang
sporty
dan
fun to drive,
namun kini semakin hemat bahan bakar dan ramah lingkungan.
""Kami selalu berusaha memberikan yang terbaik untuk konsumen melalui produk yang lebih canggih, desain yang lebih stylish dan harga yang lebih terjangkau,"" ucap Yusak.
Menurut Yusak, peluncuran New Honda HR-V merupakan bagian dari roadmap elektrifikasi Honda di Indonesia melalui kampanye 'Electrify Your Journey', yang menandai transisi dari fase pengenalan ke fase ekspansi teknologi hybrid. Model ini merupakan hybrid pertama Honda yang diproduksi di Indonesia, menegaskan komitmen jangka panjang Honda dalam menghadirkan elektrifikasi bagi konsumen Indonesia
Ikuti Whatsapp Channel Republika",https://ekonomi.republika.co.id/berita/sxnctt282/honda-luncurkan-hrv-hybrid-harganya-di-bawah-rp-500-juta,Karta Raharja Ucu
Mayora Bagi Dividen Rp 55 per Saham,ekonomi.republika.co.id,10 Jun 2025,22:35,Bisnis,,"REPUBLIKA.CO.ID, JAKARTA -- PT
Mayora
Indah Tbk (MYOR) dalam Rapat Umum Pemegang Saham Tahunan (RUPST) menyetujui pembagian
dividen
senilai Rp 1,22 triliun atau sekitar 40 persen dari laba bersih tahun buku 2024. Besaran per saham, dividen yang akan dibagikan perseroan setara Rp 55 per lembar saham.
“Dividen yang diputuskan pada RUPST sebesar Rp1,22 triliun atau sebesar Rp55 per lembar saham, sekitar 40 persen dari laba perseroan di tahun 2024,” ujar Direktur Umum dan Operasional MYOR Wardhana Atmadja dalam Paparan Publik di Jakarta, Selasa (10/6/2025).
Baca Juga
KAI Catat Jumlah Penumpang Tumbuh 8,5 Persen pada Januari-Mei 2025, Nyaris Sentuh 200 Juta Orang
Lolos dari Kasus Dugaan Pencurian Data KF-21, Teknisi PTDI Pulang dari Korsel ke Indonesia
Waskita Karya Rampungkan Proyek Penataan Kawasan Benteng Ambarawa
Direktur Keuangan MYOR Hendrik Polisar menyampaikan, penjualan perseroan ditargetkan mencapai senilai Rp39,7 triliun pada 2025, dengan laba kotor sebesar Rp9,2 triliun, laba usaha sebesar Rp4,3 triliun, serta laba bersih sebesar Rp3,1 triliun.
“Angka proyeksi ini merupakan angka yang cukup realistis yang untuk dapat dicapai oleh perseroan,” ujar Hendrik.
Pada 2024, Mayora Indah mencatatkan laba bersih senilai Rp 3 triliun, atau turun 6,06 persen
year on year (yoy)
dibandingkan tahun 2023 yang sebesar Rp3,19 triliun.
Penjualan perusahaan tercatat naik 14,57 persen (yoy) menjadi senilai Rp36,07 triliun pada 2024, dibandingkan periode sama tahun sebelumnya yang sebesar Rp31,48 triliun.
Pendapatan perseroan didapatkan paling banyak dari makanan olahan kemasan mencapai Rp 21,86 triliun, dan minuman olahan kemasan sebesar Rp 18,62 triliun.
Beban pokok penjualan perseroan meningkat menjadi Rp27,77 triliun pada 2024, dari sebelumnya Rp 23,07 triliun pada 2023, sedangkan, beban umum dan administrasi tercatat mencapai Rp 857,91 miliar pada 2024, atau naik dari posisi Rp750,5 miliar.
Per Desember 2024, total aset MYOR meningkat di angka Rp29,72 triliun, atau meningkat dibandingkan per Desember 2023 yang hanya sebesar Rp 23,87 triliun.
Ikuti Whatsapp Channel Republika
sumber : ANTARA",https://ekonomi.republika.co.id/berita/sxn0ot370/mayora-bagi-dividen-rp-55-per-saham,Friska Yolandha
"Kali Lamong Meluap, 10 Desa di Gresik Tergenang Banjir",visual.republika.co.id,10 Jun 2025,22:00,Visual,,"REPUBLIKA.CO.ID, GRESIK -- Pengendara sepeda motor melintasi banjir di Jalan Raya Benjeng, Kecamatan Benjeng, Gresik, Jawa Timur, Selasa (10/6/2025).
Banjir setinggi 50-100 cm akibat luapan Kali Lamong tersebut mengakibatkan 10 desa di Kecamatan Benjeng terendam banjir.
Ikuti Whatsapp Channel Republika
sumber : Antara Foto",https://visual.republika.co.id/berita/sxn9fb375/kali-lamong-meluap-10-desa-di-gresik-tergenang-banjir,Tidak Ditemukan
Freeport Ungkap Permintaan Tembaga Bakal Naik Seiring Transisi Energi,esgnow.republika.co.id,10 Jun 2025,22:32,Lingkungan Esgnow,,"REPUBLIKA.CO.ID, JAKARTA -- Direktur Utama PT
Freeport
Indonesia Tony Wenas mengatakan permintaan tembaga berpotensi untuk mengalami peningkatan seiring dengan tren
transisi energi
bersih dan hijau yang terjadi di berbagai negara.
“Permintaan tembaga meningkat karena dibutuhkan dalam transisi energi, salah satunya untuk elektrifikasi,” kata Tony di sela-sela acara Indonesia Miner Conference & Exhibition 2025 Jakarta, Selasa (10/6/2025).
Baca Juga
Indonesia Fokus Wujudkan Target Transisi Energi Bersih pada 2025
Kemenko Perekonomian: Tambangan Berperan Penting dalam Transisi Energi
Politisi Golkar: RUPTL PLN Buka Jalan Pemerataan Ekonomi Melalui Keadilan Energi
Ia menjelaskan, tembaga adalah bentuk logam yang sangat dibutuhkan untuk menunjang peralihan menuju
energi bersih
dan terbarukan, serta memegang peran kunci untuk target dekarbonisasi global. Tony mengatakan, 65 persen tembaga dunia digunakan dalam aplikasi konduktivitas listrik. Lalu, 1,5 ton per mw tembaga berperan dalam pembangkit listrik bertenaga angin dan 5,5 ton per mw tembaga dalam pembangkit listrik bertenaga surya.
“Selain itu, kendaraan listrik (
electric vehicle
/EV) menggunakan tembaga lebih banyak daripada kendaraan konvensional,” ujar Tony.
Ia mengatakan perusahaan berkomitmen untuk mendukung pertumbuhan ekonomi melalui produksi tembaga dan emas, yang masing-masing produksinya ditargetkan menyentuh angka 1,6 miliar pound dan 1,65 juta ounces tahun ini.
Selain itu, ia pun menyebutkan perusahaan telah menyetorkan hingga Rp 7,78 triliun dari keuntungan bersih tahun 2024 kepada pemerintah, yang terdiri dari Rp 3,1 triliun untuk pemerintah pusat dan Rp 4,63 triliun untuk pemerintah daerah.
“Kira-kira mungkin hampir sama seperti itu (untuk target tahun ini),” ujar Tony menambahkan.
Di sisi lain, Tony yang juga Wakil Ketua Bidang Hilirisasi Kamar Dagang dan Industri (Kadin) Indonesia menyoroti bagaimana komoditas tambang lain seperti nikel juga memiliki potensi besar bagi Indonesia, baik untuk agenda transisi energi maupun pertumbuhan ekonomi.
“Prospek, ya, pasti bagus
dong
, kita
one of the largest exporter
, kemudian nikel juga bagus, baik, sudah
downstreaming
, peningkatan nilai tambahnya besar sekali,” kata dia.
Ikuti Whatsapp Channel Republika
sumber : Antara",https://esgnow.republika.co.id/berita/sxnchx490/freeport-ungkap-permintaan-tembaga-bakal-naik-seiring-transisi-energi,Ahmad Fikri Noor
"Hunian Berkonsep Komunitas Laris Manis di Bali, Ini Alasannya",ekonomi.republika.co.id,10 Jun 2025,22:33,Finansial,,"REPUBLIKA.CO.ID, DENPASAR -- Di tengah dominasi pasar properti oleh segmen menengah dan menengah-bawah, segelintir pengembang justru berani menantang arus dengan merambah segmen premium.
Langkah ini terbukti tepat sasaran, seperti yang ditunjukkan oleh respons pasar terhadap peluncuran sebuah proyek hunian eksklusif terbaru di Bali. Mayoritas unit vila premium yang ditawarkan dalam proyek ini berhasil terjual dalam hitungan jam pascapeluncuran.
Sebanyak 21 dari 24 unit vila eksklusif pada proyek OXO The Pavilions ludes terjual dalam waktu singkat pada Ahad (8/6/2025). Peristiwa ini mengindikasikan tingginya minat investor terhadap aset properti yang menawarkan nilai lebih, tidak hanya sekadar hunian.
Saat ini, masih tersedia beberapa unit vila dengan pilihan tiga, empat, dan lima kamar tidur. “Ini merupakan kesempatan terakhir bagi mereka yang melewatkan acara peluncuran,” ungkap Johannes Weissenbaeck, CEO OXO Living, dalam keterangan tertulis, Selasa, (10/6/2025).
Keberhasilan penjualan cepat ini, menurut Jo—sapaan akrab Johannes Weissenbaeck—bukan semata-mata diukur dari kecepatan habisnya unit. Ia menjelaskan bahwa tujuan utama OXO Living adalah membangun komunitas yang memiliki nilai-nilai yang sama.
“OXO The Pavilions memiliki tujuan untuk menciptakan sesuatu yang langgeng, dengan investor yang mencari nilai dari desain, kesehatan, dan kehidupan bermakna,” tuturnya.
Komunitas investor OXO Living kini sangat beragam, mencakup pembeli dari berbagai kota di Indonesia seperti Jakarta dan Surabaya, hingga investor internasional dari Singapura, Australia, Hong Kong, Swiss, Jerman, Austria, Spanyol, Denmark, Eropa Timur, dan Amerika Utara. Johannes Weissenbaeck bangga dengan keberagaman dan pertumbuhan yang dihadirkan oleh merek OXO Living.
Integrasi Desain, Kesehatan, dan Inovasi
Dengan mengusung konsep utama wellness living, pengelolaan sekelas hotel, dan desain yang berwawasan ke depan, OXO The Pavilions menjadi tonggak penting dalam evolusi properti berkonsep gaya hidup di Asia Tenggara. Lokasinya yang strategis, tepat di depan Nuanu Creative City—pusat budaya dan inovasi yang berkembang pesat di pantai barat Bali—turut mendukung daya tarik. OXO Living sendiri merupakan mitra utama dalam pengembangan hunian di sana.
“Apa yang kami bangun bersama bukan sekadar destinasi baru di Bali. Ini adalah cetak biru untuk kehidupan masa depan,” kata Lev Kroll, CEO Nuanu Creative City. “Kami gembira memiliki OXO sebagai bagian integral dari visi ini, dan kami sangat senang pasar bisa menerima konsep ini.”
Lev Kroll menambahkan, “Bagi kami, yang penting bukan hanya mencari investor, tetapi mencari investor yang tepat, yakni orang-orang dengan nilai dan visi yang sama—yang ingin Anda jadikan tetangga dan rekan bisnis, serta orang-orang yang ingin Anda peluk saat bertemu dengan mereka.”
OXO The Pavilions dirancang oleh arsitek ternama, Chris Precht, dengan masterplan yang berkomitmen pada pewujudan kehidupan yang lebih bermakna. Tata letak antar hunian didesain sedemikian rupa untuk mendorong hubungan antar penghuni, namun tetap menjaga privasi setiap individu.
“Desain harus memiliki tujuan yang lebih dalam. Di OXO The Pavilions, kami ingin setiap hunian terasa seperti tempat berlindung, namun tetap memastikan interaksi penghuni dengan lingkungan sekitar. Proyek ini adalah tentang architecture that gives back,” kata Chris Precht.
Johannes Weissenbaeck mengatakan, pendidikan merupakan salah satu dasar dari visi komunitas. OXO The Pavilions sangat diuntungkan, karena lokasinya hanya beberapa menit dari kampus ProEducation—salah satu sekolah internasional paling disegani di Bali—yang akan segera dibangun.
“Keluarga masa kini menginginkan lebih dari sekadar vila. Mereka menginginkan ekosistem yang mempertemukan pendidikan, kesehatan, dan gaya hidup,” kata Llana Reece, Pendiri ProEd Global School. “Itulah yang dihadirkan oleh OXO The Pavilions, dan kami bangga menjadi bagian dari proses ini.”
Ikuti Whatsapp Channel Republika",https://ekonomi.republika.co.id/berita/sxmywc349/hunian-berkonsep-komunitas-laris-manis-di-bali-ini-alasannya,Ichsan Emrald Alamsyah
"Mentan Turun Tangan, Kios Penjual Pupuk Nakal di Lumajang Langsung Ditutup",ekonomi.republika.co.id,10 Jun 2025,22:17,Pertanian,,"REPUBLIKA.CO.ID, LUMAJANG -- Menteri Pertanian Andi Amran Sulaiman menunjukkan ketegasannya dalam
melindungi petani
dari praktik penjualan pupuk bersubsidi di atas Harga Eceran Tertinggi (HET).
Saat melakukan kunjungan kerja ke kebun tebu P240T di wilayah Jatiroto, Kabupaten Lumajang, Jawa Timur, Selasa (10/6/2025), Mentan Amran langsung merespons laporan adanya pelanggaran harga pupuk di wilayah tersebut.
Dalam kunjungannya, Mentan turut mendengarkan aspirasi dari petani yang disampaikan langsung Bupati Lumajang, Indah Amperawati. Salah satu permasalahan yang diangkat, masih adanya pupuk yang dijual di atas HET di wilayah Lumajang.
“Ada yang jual pupuk di Lumajang di atas angka HET, Pak Menteri. Mohon arahannya,” ujar Indah saat menyampaikan berbagai keluhan di hadapan Mentan.
Menyanggapi hal tersebut, Menteri Amran menekankan praktik
penjualan pupuk di atas HET
tidak dapat ditoleransi. Ia memerintahkan agar izin distributor yang melakukan pelanggaran tersebut segera dicabut.
“Penjual pupuk di atas HET, dicabut izinnya,” tegas Amran. Lebih lanjut, ia juga meminta dukungan dari aparat penegak hukum untuk menindak tegas oknum yang menjual pupuk melebihi harga ketentuan.
“Saya minta Kapolres Lumajang mendampingi dan agar distributor yang menjual pupuk di atas HET dicabut izinnya,” kata Amran.
Respons cepat pun datang dari PT Pupuk Indonesia (Persero). Perusahaan langsung menghentikan kerja sama penyaluran pupuk bersubsidi dengan Kios Berkah Abadi yang berasal dari Kecamatan Senduro, Kabupaten Lumajang, Jawa Timur.
Berdasarkan pemeriksaan di lapangan antara Pupuk Indonesia dan Polres Lumajang, pemilik kios mengakui telah menjual pupuk NPK subsidi Rp 150 ribu per sak atau di atas HET.
Hal ini disampaikan Senior Manager (SM) Regional 3A Pupuk Indonesia, Saroyo Utomo, menyusul arahan Menteri Pertanian saat menyapa petani di Lumajang, Selasa (10/6/2025).
“Sesuai aturan dan ketentuan yang ada di surat perjanjian jual-beli antara distributor dan kios, atas pelanggaran ketentuan menjual di atas HET, maka Kios Berkah Abadi secara resmi ditutup atau diputus kontraknya pada hari ini pada 10 Juni 2025,” ujarnya.
Karena itu, lanjutnya, Pupuk Indonesia memastikan mulai hari ini operasional Kios Berkah Abadi dihentikan. Secara sistem, aplikasi
penebusan pupuk subsidi
atau i-Pubers, yang biasanya digunakan oleh kios, telah dinonaktifkan agar tidak ada lagi transaksi.
Pupuk Indonesia memastikan penutupan kios ini tidak akan mengganggu penyaluran pupuk ke petani. Stok pupuk subsidi NPK sebanyak 8 ton di Kios Berkah Abadi dialihkan secara fisik ke Kios UD Madani yang ditunjuk sebagai pengganti oleh Pupuk Indonesia.
Sebagai informasi, HET pupuk bersubsidi untuk 2025 telah diatur Kementerian Pertanian,yaitu untuk pupuk Urea Rp 2.250/kg, pupuk NPK Phonska Rp 2.300/kg, pupuk NPK untuk Kakao Rp 3.300/kg, dan pupuk organik Rp 800/kg.
Saroyo mengingatkan kepada seluruh mitra kios, pelanggaran terhadap ketentuan penyaluran pupuk bersubsidi memiliki sanksi tegas. Apabila terbukti maka kios akan mendapatkan sanksi mulai dari peringatan hingga pemecatan.
Sebagai langkah preventif, Pupuk Indonesia terus menggencarkan edukasi kepada petani, kios, dan pihak terkait mengenai pentingnya mematuhi HET.
Seperti halnya, mencatat secara lengkap pada nota jika terjadi peningkatan harga tebus pupuk yang telah disepakati antara kios dengan petani atau kesepakatan harga ongkos kirim, pembayaran pupuk pasca panen (yarnen), dan kesepakatan lainnya yang membuat penebusan pupuk lebih tinggi dari HET.
Selanjutnya, Pupuk Indonesia mewajibkan seluruh mitra kios memasang spanduk yang berisi informasi mengenai nomor telepon yang dapat dihubungi apabila petani menemukan kios yang menjual pupuk bersubsidi di atas HET.
Perusahaan juga mendorong masyarakat untuk melaporkan dugaan pelanggaran distribusi pupuk bersubsidi. Pelaporan dapat dilakukan melalui tim lapangan Pupuk Indonesia atau menghubungi pusat layanan resmi perusahaan.
Adapun layanan pelanggan yang bisa diakses seluruh petani dengan kontak bebas pulsa di nomor 0800 100 8001 atau WhatsApp di nomor 0811 9918001.
“Masyarakat juga dapat berpartisipasi mengawasi peredaran pupuk bersubsidi. Jika terdapat hal mencurigakan, jangan segan untuk melapor kepada aparat penegak hukum,” tutupnya.
Ikuti Whatsapp Channel Republika",https://ekonomi.republika.co.id/berita/sxnbtl472/mentan-turun-tangan-kios-penjual-pupuk-nakal-di-lumajang-langsung-ditutup,Ferry kisihandi
Ombudsman Jateng Masih Temukan Kasus Sekolah tak Terbitkan SKL dan Hambat Siswa Ikuti SPMB,rejogja.republika.co.id,10 Jun 2025,21:51,Jateng,,"REPUBLIKA.CO.ID, SEMARANG -- Kepala Perwakilan Ombudsman RI Jawa Tengah (Jateng), Siti Farida, mengungkapkan, pihaknya masih menemukan siswa yang belum bisa mengikuti Sistem Penerimaan Murid Baru (SPMB) tingkat SMA/SMK/sederajat karena belum memperoleh Surat Keterangan Lulus (SKL). Menurut Siti, kasus tersebut terjadi di sekolah yang berada di bawah naungan Kementerian Agama (Kemenag).
""Untuk yang masih kami atensi adalah siswa yang belum bisa mendaftar karena memang SKL-nya belum diberikan. Nah ini memang titik krusial yang menjadi perhatian kami,"" kata Siti ketika ditemui di kantornya di Kota Semarang, Selasa (10/6/2025).
Dia menambahkan, kasus tersebut terjadi di unit pendidikan atau sekolah di bawah naungan Kemenag. Siti mengatakan, pelapor belum mengungkap secara terbuka sekolah yang tak menerbitkan SKL tersebut.
Kendati demikian, Siti menduga, sekolah terkait tidak menerbitkan SKL karena masih adanya kewajiban administrasi yang belum diselesaikan orang tua murid. ""Padahal seharusnya
kan
tidak boleh. Yang belum selesai itu
kan
urusan sekolah dengan orang tua, tapi hak anak tidak boleh kemudian dikorbankan,"" ucapnya.
""Seharusnya semua siswa yang memang sudah lulus dan untuk keperluan
SPMB
ini harusnya didahulukan. Karena ketika SKL tidak diberikan, berarti yang bersangkutan tidak bisa melakukan pendaftaran, dan ini yang membutuhkan koordinasi lintas-sektoral,"" tambah Siti.
Siti mengungkapkan, sejauh ini pihaknya baru menerima 11 laporan terkait pelaksanaan SPMB. Aduan yang masuk sebagian besar terkait titik koordinat, verifikasi Data Terpadu Jawa Tengah untuk kebutuhan afirmasi, dan proses verifikasi lainnya.
""Sedangkan yang lain, yang sifatnya hanya menanyakan teknis, itu tidak kita register sebagai bentuk pengaduan,"" ujarnya.
Siti mengatakan, sebagian besar laporan atau aduan yang masuk ke Ombudsman Jateng telah ditindaklanjuti ke sekolah dan dinas terkait. ""Yang masih membutuhkan tindak lanjut adalah terkait dengan integrasi DT (Data Terpadu) Jateng. Jadi DT Jateng kan menjadi sumber data dalam menentukan afirmasi untuk siswa tidak mampu,"" ucapnya.
Loading...
Ikuti Whatsapp Channel Republika",https://rejogja.republika.co.id/berita/sxnalg282/ombudsman-jateng-masih-temukan-kasus-sekolah-tak-terbitkan-skl-dan-hambat-siswa-ikuti-spmb,Karta Raharja Ucu
Pembentukan Kopdes Merah Putih di Jateng 100 Persen,rejogja.republika.co.id,10 Jun 2025,21:39,Jateng,,"REPUBLIKA.CO.ID, SEMARANG – Pembentukan Koperasi Desa (Kopdes) Merah Putih di Provinsi Jawa Tengah (Jateng) telah mencapai 100 persen. Saat ini koperasi-koperasi tersebut tengah mengurus akta badan hukum melalui notaris.
""Koperasi Desa Merah Putih pembentukannya pada 30 Mei sudah 100 persen. Pembentukan melalui musyawarah desa dan kelurahan: 8.563 desa/kelurahan, yang terdiri dari 7.810 desa, 753 kelurahan,"" ungkap Kepala Dinas Koperasi UKM Jateng, Eddy Bramiyanto, ketika diwawancara di sela-sela acara 'Manunggal Leadership Retret: Ngopeni Nglakoni Jawa Tengah' yang digelar di Badan Pengembangan Sumber Daya Manusia Daerah (BPSDMD) Provinsi Jateng, Semarang, Selasa (10/6/2025).
Dia menambahkan, dari total keseluruhan Kopdes Merah Putih, sebagian di antaranya telah memperoleh akta badan hukum, sedangkan sebagian lainnya masih menjalani proses pengurusan. ""Dari total tersebut, baru sekitar 3.051 koperasi yang selesai atau sekitar 33 persen. Namun masih ada waktu 20 hari ke depan, dan insya Allah kami bisa menyelesaikan pencatatan bersama camat dan notaris hingga akhir Juni,"" ucap Eddy.
Eddy mengungkapkan, saat ini pihaknya juga sedang menyusun timeline kegiatan guna memastikan
Kopdes Merah Putih
di Jateng siap melayani masyarakat. “Kami sudah bertemu dengan Bulog, PT Pos Indonesia, perbankan, dan PT Pupuk Indonesia untuk mendetailkan prioritas desa, apakah di sektor riil atau sektor lainnya,” ujarnya.
Koperasi Desa Merah Putih akan menyediakan tujuh layanan utama, antara lain penyediaan sembako, klinik, apotek, unit simpan pinjam, pengembangan sektor unggulan desa, dan gudang. Anggota koperasi akan berasal dari masyarakat setempat.
Sebelumnya Menteri Koordinator (Menko) Bidang Pangan Zulkifli Hasan (Zulhas) optimistis Kopdes Merah Putih akan menjadi penggerak perekonomian desa. Dia menyebut, nantinya diperkirakan akan ada penyaluran dana hingga Rp 700 triliun ke seluruh Kopdes di Tanah Air.
Zulhas mengatakan, salah satu tujuan utama pembentukan Kopdes Merah Putih adalah menjadikan desa berdaya. Dia mengeklaim, Kopdes Merah Putih akan mampu menciptakan 2 juta lapangan kerja baru.
Menurut Zulhas, Kopdes Merah Putih juga akan memotong rantai pasok dan tengkulak-tengkulak. ""Kopdes nanti paling kurang ada enam bagian, ini perintah Presiden langsung. Bapak Presiden ingin di desa tidak boleh ada orang yang tidak sehat, maka di Kopdes harus ada klinik dan apotek sederhana,"" katanya ketika berpidato di acara 'Dialog Percepatan Musyawarah Desa Khusus Pembentukan Koperasi Desa/Kelurahan Merah Putih' yang digelar di Holy Stadium, Semarang, Jateng, 6 Mei 2025 lalu.
Di acara yang dihadiri para kepala desa dari seluruh kabupaten/kota se-Jateng itu, Zulhas menyampaikan Presiden Prabowo Subianto menginginkan agar masyarakat desa tidak kekurangan gizi. Karena itu nantinya Kopdes akan menyediakan berbagai kebutuhan pokok yang langsung diperoleh dari produsen.
""Memotong rantai (pasok) yang panjang itu, minyak goreng, gula. Jadi ada warung, di Kopdes ada warungnya, ada toko sembakonya,"" ujarnya.
Zulhas mengatakan, Kopdes Merah Putih juga akan menjadi agen penyalur pupuk dan gas elpiji tiga kilogram. ""Untuk memutus rantai pasok atau rentenir-rentenir, maka nanti Kopdes ada BRILink atau BNI yang difasilitasi oleh Kopdes,"" ucapnya.
Menurut Zulhas, nantinya setiap Kopdes Merah Putih bakal memperoleh dana pinjaman modal dari bank-bank Himbara dengan plafon sebesar Rp 5 miliar. Namun penyalurannya akan tetap disesuaikan dengan kebutuhan atau pengajuan Kopdes terkait.
""Nanti kalau mau bangun gedung, ajukan proposal, dinilai oleh bank, dilihat oleh bank, berapa? Rp 500 juta, dihitung, benar, dikasih,"" ujar Ketum PAN tersebut.
""Saudara-saudara, ini nilainya enggak main-main, Rp 400 triliun. Sedang kita urus ada KUR untuk modal kerja, ada Rp 300 triliun. Kita minta KUR itu juga masuk ke Kopdes. Bayangkan saudara-saudara kalau ada Rp 700 triliun uang masuk ke desa, saya yakin dampaknya akan membuat desa-desa di manapun akan menjadi makmur,"" tambah Zulhas.
Zulhas meminta kerja sama para kepala desa untuk memastikan Kopdes Merah Putih berjalan sesuai perencanaan dan tujuannya. Dia pun memastikan berbagai kementerian terkait, termasuk bank-bank Himbara, akan turut mengawal Kopdes.
Ikuti Whatsapp Channel Republika",https://rejogja.republika.co.id/berita/sxna1d282/pembentukan-kopdes-merah-putih-di-jateng-100-persen,Karta Raharja Ucu
"Pemerintah Izinkan Pemda Rapat di Hotel, PHRI DIY Harap Bukan Sekadar Omon-Omon",rejogja.republika.co.id,10 Jun 2025,22:18,Kabar Jogja,,"REPUBLIKA.CO.ID, YOGYAKARTA -- Pemerintah pusat melalui pernyataan Menteri Dalam Negeri telah mengizinkan pemerintah daerah (pemda) untuk bisa kembali menyelenggarakan kegiatan MICE (
Meeting, Incentive, Convention, and Exhibition
) di hotel maupun restoran. Pelonggaran kebijakan ini disambut baik oleh pelaku usaha perhotelan di Daerah Istimewa Yogyakarta (DIY), yang selama ini terdampak pembatasan belanja perjalanan dinas.
Kendati begitu, pelaku industri menekankan izin ini tidak akan berarti jika tidak disertai kelonggaran anggaran dari pusat. Ketua Perhimpunan Hotel dan Restoran Indonesia (PHRI) DIY, Deddy Pranowo, mengatakan meskipun larangan penggunaan hotel telah dicabut, realisasinya tetap akan sulit jika anggaran Pemda masih dibatasi oleh kebijakan efisiensi belanja pemerintah.
""Ya kami menyambut baik izin itu. Tapi kami harapkan (kebijakan) ini bukan omon-omon (omong kosong). Pemerintah daerah bisa melaksanakannya karena sudah tidak ada larangan lagi, tapi kalau anggarannya dari pusat tidak dibuka, ya tetap tidak bisa,"" ujar Deddy, Senin (9/6/2025).
Menurut Deddy, hambatan utama yang dihadapi Pemda saat ini adalah Inpres Nomor 125 tentang efisiensi belanja pemerintah, yang belum mengalami pelonggaran. Tanpa adanya dukungan fiskal yang memadai, hotel dan restoran masih belum dapat merasakan dampak positif dari pelonggaran izin tersebut.
""Kami tidak minta banyak. Cukup beri ruang untuk kami hidup kembali. Kalau Pemda dibolehkan tapi tak punya anggaran, ya sama saja bohong,"" ucapnya.
Ia tak menampik bahwa sudah mulai ada reservasi dari beberapa instansi, namun skalanya masih sangat kecil. Deddy menduga kegiatan yang sudah mulai berjalan hanya bersumber dari anggaran sisa tahun sebelumnya.
""Saya dengar dari teman-teman, seminggu lalu mulai ada reservasi dari dinas, tapi tidak banyak. Kemungkinan masih memakai anggaran lama yang belum terpotong,"" ungkapnya menambahkan.
Karena itu, PHRI DIY kembali menekankan agar pemerintah pusat tidak hanya berhenti pada pelonggaran izin administratif, tetapi juga memberikan fleksibilitas anggaran agar sektor perhotelan bisa bergerak dan mendukung perekonomian daerah secara keseluruhan.
""Jangan hanya membolehkan, tapi juga longgarkan anggaran Pemda. Tanpa itu, bagaimana bisa berjalan? Anggarannya sudah digeser untuk program lain. Kami ini punya
multiplier effect.
Kalau hotel bisa jalan, tenaga kerja, pemasok makanan, hingga UMKM juga hidup. Ini bukan hanya soal kita, tapi soal ekonomi daerah secara keseluruhan,"" ujarnya.
Lebih lanjut, Deddy menyampaikan bahwa kondisi
okupansi hotel
yang tak kunjung membaik. Tingkat hunian kamar hotel di DIY, memang sempat mencapai angka rata-rata 75 persen dalam beberapa bulan terakhir, namun memasuki bulan Juni mulai menunjukkan tren penurunan kembali, termasuk di momen libur panjang Idul Adha 2025 yang tak memberikan angin segar bagi industri perhotelan.
""Okupansi hanya 20–40 persen, padahal ini libur panjang,"" ucapnya.
Ikuti Whatsapp Channel Republika",https://rejogja.republika.co.id/berita/sxnbv7282/pemerintah-izinkan-pemda-rapat-di-hotel-phri-diy-harap-bukan-sekadar-omonomon,Karta Raharja Ucu
Antusiasme Ribuan Suporter Timnas Nobar Laga Indonesia Lawan Jepang di GBK,visual.republika.co.id,10 Jun 2025,22:30,Visual,,"REPUBLIKA.CO.ID, JAKARTA -- Suporter Indonesia menyaksikan pertandingan babak Kualifikasi Piala Dunia Putaran Ketiga melawan Jepang saat gelaran Nonton Bareng di area Stadion Utama Gelora Bung Karno (SUGBK), Jakarta, Selasa (10/6/2025).
Ribuan pendukung
Timnas Indonesia
memadati area SUGBK untuk menyaksikan pertandingan laga pamungkas antara Indonesia melawan Jepang.
Pada pertandingan tersebut, Timnas Indonesia kalah atas Jepang dengan skor 0-6.
Ikuti Whatsapp Channel Republika
sumber : Republika",https://visual.republika.co.id/berita/sxnaty375/antusiasme-ribuan-suporter-timnas-nobar-laga-indonesia-lawan-jepang-di-gbk,Tidak Ditemukan
Revisi UU Kehutanan Harus Akhiri Paradigma Kolonial,esgnow.republika.co.id,10 Jun 2025,22:41,Lingkungan Esgnow,,"REPUBLIKA.CO.ID, JAKARTA – Revisi Undang-Undang Nomor 41 Tahun 1999 tentang Kehutanan (RUUK) dinilai harus menjadi titik balik dalam pengelolaan hutan di Indonesia. Sejumlah organisasi lingkungan menegaskan bahwa Indonesia tak boleh lagi bertumpu pada paradigma kolonial yang memandang hutan semata sebagai komoditas negara.
Kelompok-kelompok masyarakat sipil menilai revisi ini harus membuka ruang pengakuan penuh terhadap hak-hak
masyarakat adat
dan komunitas lokal sebagai penjaga hutan yang sah. Kampanye
Forest Watch
Indonesia (FWI) menyebut kerusakan hutan yang mencapai rata-rata 689 ribu hektare per tahun menjadi bukti urgensi perubahan kebijakan kehutanan secara mendasar.
Baca Juga
Satgas PKH Targetkan Kuasa Kembali Hutan Negara 81 Ribu Hektare di Tesso Nilo
Indonesia Dapat Pendanaan untuk Konservasi Hutan dan Satwa
Kemenhut Komitmen Jaga Kawasan Hutan Raja Ampat
“Jika tidak, Indonesia terancam gagal memenuhi target pengurangan emisi dari sektor kehutanan dan penggunaan lahan (FoLU),” ujar Juru Kampanye FWI, Anggi Putra Prayoga, dalam diskusi daring yang digelar Senin (9/6/2025).
Anggi menyoroti tiga aspek utama yang harus menjadi pijakan dalam revisi UU Kehutanan. Pertama, perlunya mengubah cara pandang negara dalam mengeklaim penguasaan atas kawasan hutan. Ia mengkritik penetapan sepihak 106 juta hektare kawasan hutan oleh Kementerian Kehutanan, yang disebutnya hanya mengandalkan legalitas administratif tanpa legitimasi sosial.
“Anomali penetapan kawasan hutan melonjak 20 kali lipat dalam setahun terakhir, padahal sebelumnya hanya sekitar 500 ribu hektare per tahun. Kawasannya legal, tapi tidak sah di mata masyarakat adat dan lokal,” kata Anggi.
Kedua, ia menegaskan pentingnya menolak bentuk-bentuk kamuflase pembangunan berkelanjutan seperti program swasembada pangan dan energi yang justru melegitimasi perusakan hutan dan pengingkaran terhadap hak masyarakat.
Ketiga, RUUK harus mengakomodasi dan mengimplementasikan putusan Mahkamah Konstitusi, khususnya
Putusan MK
Nomor 34, 35, 45, dan 95, yang menegaskan pengakuan terhadap hak masyarakat adat dan pembatasan atas praktik perizinan ekstraktif yang merusak.
Anggota DPR RI dari Fraksi PKS, Riyono, menyatakan dukungan atas revisi
UU Kehutanan
dengan menekankan pentingnya keadilan bagi masyarakat adat dan integrasi pengelolaan hutan dengan sistem pangan nasional. “Penegakan putusan MK harus jadi bagian utama dalam revisi ini,” ujarnya.
Dalam forum yang sama, Raden dari
WALHI
Kalimantan Selatan menilai selama paradigma negara sebagai pemilik tunggal hutan masih dipertahankan, masyarakat adat akan terus dikorbankan. “RUUK harus berpihak pada keadilan ekologis dan pengakuan penuh atas hak-hak masyarakat adat Meratus,” tegasnya.
Sementara di Kalimantan Barat, A Syukri dari Link-Ar Borneo menyebut bahwa dominasi logika kolonial dan kepentingan kapital dalam tata kelola hutan membuat masyarakat sekitar tidak pernah menikmati manfaatnya. “Hutan tanaman industri bukanlah hutan, melainkan kebun monokultur. RUU ini bukan sekadar regulasi, ini soal keadilan,” ujarnya.
Darwis dari Green of Borneo Kalimantan Utara menambahkan, tanpa jaminan sosial, prinsip PADIATAPA (Persetujuan Atas Dasar Informasi di Awal Tanpa Paksaan), serta pelaksanaan nyata Putusan MK 35, revisi UU justru bisa memperparah konflik dan kriminalisasi atas nama pembangunan.
Sementara itu, Defri Setiawan dari WALHI Gorontalo menambahkan, warisan kolonialisme atas hutan di daerahnya kini muncul dalam bentuk baru seperti proyek bioenergi dan investasi monokultur di Pohuwato. “RUUK seharusnya menjadi koreksi atas ketimpangan historis ini, bukan alat legitimasi bagi korporasi,” ujarnya.
Ikuti Whatsapp Channel Republika",https://esgnow.republika.co.id/berita/sxncwd416/revisi-uu-kehutanan-harus-akhiri-paradigma-kolonial,Satria K Yudha
